"msp_times_mean","msp_times_se","mspS_times_mean","mspS_times_se","TSslim_times_mean","TSslim_times_se","TStotal_times_mean","TStotal_times_se","noTS_times_mean","noTS_times_se"
0.344,0.00541602560309064,0.343,0.00578311719096582,1.214,0.00498887651569859,1.595,0.00909822937597079,0.218,0.002
0.341,0.0017950549357115,0.333,0.00334995854037363,1.263,0.00395811402901264,1.639,0.00781024967590665,0.703,0.011551815634109
0.357,0.003,0.35,0.00471404520791031,1.741,0.0175404294892305,2.153,0.0182604612330698,8.065,0.105948100502085
0.637,0.0055876848714134,0.455,0.00562731433871138,3.949,0.0159478316185409,4.517,0.0166699996667333,218.583,1.42195487504585
11.759,0.0276264768333246,6.715,0.0381590239800641,29.444,0.108650305516776,32.454,0.0955010180283144,6511.048,393.406231365663
1539.999,12.9647838778747,894.925,10.6017760828604,553.623,1.57276264367302,585.98,1.72176266269968,NA,NA
